war_phase;subphase;battle_id;allignment;state;year_start;year_end;home_lat;home_lng;battle_location;battle_lat;battle_lng;result
first_peloponnesian_war;first;skirmish_of_halieis;delian_league;athens;459;459;37,972;23,726;halieis;37,313;23,149;peloponnesian_victory
first_peloponnesian_war;first;skirmish_of_halieis;peloponnesian_league;Corinth;459;459;37,933;22,933;halieis;37,313;23,149;peloponnesian_victory
first_peloponnesian_war;first;skirmish_of_halieis;peloponnesian_league;epidaurus;459;459;37,598;23,074;halieis;37,313;23,149;peloponnesian_victory
first_peloponnesian_war;first;naval_battle_of_cecryphalea;delian_league;athens;459;459;37,972;23,726;cecryphalea;37,695;23,35;delian_victory
first_peloponnesian_war;first;naval_battle_of_cecryphalea;peloponnesian_league;peloponnes;459;459;37,356;22,352;cecryphalea;37,695;23,35;delian_victory
first_peloponnesian_war;first;siege_of_aegina;delian_league;athens;458;457;37,972;23,726;aegina;37,73;23,49;delian_victory
first_peloponnesian_war;first;siege_of_aegina;peloponnesian_league;aegina;458;457;37,73;23,49;aegina;37,73;23,49;delian_victory
first_peloponnesian_war;first;first_battle_of_megara;delian_league;megara;458;458;37,995;23,344;megara;37,995;23,344;delian_victory
first_peloponnesian_war;first;first_battle_of_megara;delian_league;athens;458;458;37,972;23,726;megara;37,995;23,344;delian_victory
first_peloponnesian_war;first;first_battle_of_megara;peloponnesian_league;corinth;458;458;37,933;22,933;megara;37,995;23,344;delian_victory
first_peloponnesian_war;first;battle_of_tanagra;delian_league;athens;457;457;37,972;23,726;tanagra;38,328;23,538;peloponnesian_victory
first_peloponnesian_war;first;battle_of_tanagra;delian_league;argos;457;457;37,633;22,729;tanagra;38,328;23,538;peloponnesian_victory
first_peloponnesian_war;first;battle_of_tanagra;delian_league;thessaly;457;457;39,656;22,501;tanagra;38,328;23,538;peloponnesian_victory
first_peloponnesian_war;first;battle_of_tanagra;peloponnesian_league;sparta;457;457;37,082;22,424;tanagra;38,328;23,538;peloponnesian_victory
first_peloponnesian_war;first;battle_of_tanagra;peloponnesian_league;peloponnes;457;457;37,356;22,352;tanagra;38,328;23,538;peloponnesian_victory
first_peloponnesian_war;first;battle_of_oenophyta;delian_league;athens;457;457;37,972;23,726;oenophyta;38,305;23,631;delian_victory
first_peloponnesian_war;first;battle_of_oenophyta;boeotian_league;thebes;457;457;38,317;23,317;oenophyta;38,305;23,631;delian_victory
first_peloponnesian_war;tolmides_naval_expidition;siege_of_methone;delian_league;athens;456;456;37,972;23,726;methone;36,822;21,707;peloponnesian_victory
first_peloponnesian_war;tolmides_naval_expidition;siege_of_methone;peloponnesian_league;sparta;456;456;37,082;22,424;methone;36,822;21,707;peloponnesian_victory
first_peloponnesian_war;tolmides_naval_expidition;plundering_of_gytheion;delian_league;athens;456;456;37,972;23,726;gytheion;36,762;22,565;delian_victory
first_peloponnesian_war;tolmides_naval_expidition;attack_on_chalcis;delian_league;athens;456;456;37,972;23,726;chalcis;38,349;21,614;delian_victory
first_peloponnesian_war;tolmides_naval_expidition;attack_on_naupactus;delian_league;athens;456;456;37,972;23,726;naupactus;38,394;21,831;delian_victory
first_peloponnesian_war;tolmides_naval_expidition;tolmides_attack_on_sicyon;delian_league;athens;456;456;37,972;23,726;sicyon;37,984;22,711;delian_victory
first_peloponnesian_war;tolmides_naval_expidition;tolmides_attack_on_sicyon;peloponnesian_league;sicyon;456;456;37,984;22,711;sicyon;37,984;22,711;delian_victory
first_peloponnesian_war;pericles_corinthian_campaign;pericles_attack_on_sicyon;delian_league;athens;455;455;37,972;23,726;sicyon;37,984;22,711;delian_victory
first_peloponnesian_war;pericles_corinthian_campaign;pericles_attack_on_sicyon;peloponnesian_league;sicyon;455;455;37,984;22,711;sicyon;37,984;22,711;delian_victory
first_peloponnesian_war;pericles_corinthian_campaign;attack_on_oeniadae;delian_league;athens;455;455;37,972;23,726;oeniadae;38,408;21,197;peloponnesian_victory
first_peloponnesian_war;pericles_corinthian_campaign;attack_on_oeniadae;peloponnesian_league;oeniadae;455;455;38,408;21,197;oeniadae;38,408;21,197;peloponnesian_victory
first_peloponnesian_war;first;battle_of_coronea;delian_league;athens;447;447;37,972;23,726;coronea;38,393;22,957;boeotian_victory
first_peloponnesian_war;first;battle_of_coronea;boeotian_league;orchomenus;447;447;38,483;22,983;coronea;38,393;22,957;boeotian_victory
first_peloponnesian_war;first;battle_of_coronea;boeotian_league;locris;447;447;38,394;21,831;coronea;38,393;22,957;boeotian_victory
first_peloponnesian_war;first;battle_of_coronea;boeotian_league;euboia;447;447;38,526;23,792;coronea;38,393;22,957;boeotian_victory
first_peloponnesian_war;first;euboian_revolt;delian_league;athens;446;446;37,972;23,726;euboia;38,553;23,811;delian_victory
first_peloponnesian_war;first;euboian_revolt;other;euboia;446;446;38,553;23,811;euboia;38,553;23,811;delian_victory
first_peloponnesian_war;first;megaran_revolt;other;megara;446;446;37,995;23,344;megara;37,995;23,344;megaran_victory
first_peloponnesian_war;first;megaran_revolt;peloponnesian_league;Corinth;446;446;37,933;22,933;megara;37,995;23,344;megaran_victory
first_peloponnesian_war;first;megaran_revolt;peloponnesian_league;sicyon;446;446;37,984;22,711;megara;37,995;23,344;megaran_victory
first_peloponnesian_war;first;megaran_revolt;peloponnesian_league;epidaurus;446;446;37,598;23,074;megara;37,995;23,344;megaran_victory
first_peloponnesian_war;first;invasion_of_attica;peloponnesian_league;peloponnes;446;446;37,356;22,352;eleusis;38,043;23,539;
second_peloponnesian_war;archidamean_war;siege_of_potidaea;delian_league;athens;432;429;37,972;23,726;potidaea;40,194;23,328;delian_victory
second_peloponnesian_war;archidamean_war;siege_of_potidaea;other;macedon;432;429;40,479;22,325;potidaea;40,194;23,328;delian_victory
second_peloponnesian_war;archidamean_war;siege_of_potidaea;peloponnesian_league;Corinth;432;429;37,933;22,933;potidaea;40,194;23,328;delian_victory
second_peloponnesian_war;archidamean_war;siege_of_potidaea;peloponnesian_league;potidaea;432;429;40,194;23,328;potidaea;40,194;23,328;delian_victory
second_peloponnesian_war;archidamean_war;attack_on_plataea;delian_league;plataea;431;431;38,221;23,274;plataea;38,221;23,274;delian_victory
second_peloponnesian_war;archidamean_war;attack_on_plataea;boeotian_league;thebes;431;431;38,317;23,317;plataea;38,221;23,274;delian_victory
second_peloponnesian_war;archidamean_war;first_invasion_of_attica;peloponnesian_league;sparta;431;431;37,082;22,424;attica;38,088;23,734;
second_peloponnesian_war;archidamean_war;first_invasion_of_attica;peloponnesian_league;peloponnes;431;431;37,356;22,352;attica;38,088;23,734;
second_peloponnesian_war;archidamean_war;second_invasion_of_attica;peloponnesian_league;sparta;430;430;37,082;22,424;attica;38,088;23,734;
second_peloponnesian_war;archidamean_war;second_invasion_of_attica;peloponnesian_league;peloponnes;430;430;37,356;22,352;attica;38,088;23,734;
second_peloponnesian_war;archidamean_war;siege_of_plataea;delian_league;athens;429;427;37,972;23,726;plataea;38,221;23,274;peloponnesian_victory
second_peloponnesian_war;archidamean_war;siege_of_plataea;delian_league;plataea;429;427;38,221;23,274;plataea;38,221;23,274;peloponnesian_victory
second_peloponnesian_war;archidamean_war;siege_of_plataea;peloponnesian_league;sparta;429;427;37,082;22,424;plataea;38,221;23,274;peloponnesian_victory
second_peloponnesian_war;archidamean_war;battle_of_spartolus;delian_league;athens;429;429;37,972;23,726;spartolus;40,316;23,16;chalcidian_victory
second_peloponnesian_war;archidamean_war;battle_of_spartolus;other;spartolus;429;429;40,316;23,16;spartolus;40,316;23,16;chalcidian_victory
second_peloponnesian_war;archidamean_war;battle_of_spartolus;other;olynthus;429;429;40,296;23,354;spartolus;40,316;23,16;chalcidian_victory
second_peloponnesian_war;archidamean_war;naval_battle_for_acarnania;delian_league;athens;429;429;37,972;23,726;near_acarnania;38,267;21,329;delian_victory
second_peloponnesian_war;archidamean_war;naval_battle_for_acarnania;peloponnesian_league;sparta;429;429;37,082;22,424;near_acarnania;38,267;21,329;delian_victory
second_peloponnesian_war;archidamean_war;naval_battle_for_acarnania;peloponnesian_league;sicyon;429;429;37,984;22,711;near_acarnania;38,267;21,329;delian_victory
second_peloponnesian_war;archidamean_war;naval_battle_for_acarnania;peloponnesian_league;corinth;429;429;37,933;22,933;near_acarnania;38,267;21,329;delian_victory
second_peloponnesian_war;archidamean_war;naval_battle_of_naupactus;delian_league;athens;429;429;37,972;23,726;naupactus;38,394;21,831;delian_victory
second_peloponnesian_war;archidamean_war;naval_battle_of_naupactus;peloponnesian_league;sparta;429;429;37,082;22,424;naupactus;38,394;21,831;delian_victory
second_peloponnesian_war;archidamean_war;third_invasion_of_attica;peloponnesian_league;sparta;428;428;37,082;22,424;attica;38,088;23,734;
second_peloponnesian_war;archidamean_war;third_invasion_of_attica;peloponnesian_league;peloponnes;428;428;37,356;22,352;attica;38,088;23,734;
second_peloponnesian_war;archidamean_war;siege_of_mytilene;delian_league;athens;428;427;37,972;23,726;mytilene;39,104;26,555;delian_victory
second_peloponnesian_war;archidamean_war;siege_of_mytilene;peloponnesian_league;mytilene;428;427;39,104;26,555;mytilene;39,104;26,555;delian_victory
second_peloponnesian_war;archidamean_war;siege_of_mytilene;peloponnesian_league;sparta;428;427;37,082;22,424;mytilene;39,104;26,555;delian_victory
second_peloponnesian_war;archidamean_war;fourth_invasion_of_attica;peloponnesian_league;sparta;427;427;37,082;22,424;attica;38,088;23,734;
second_peloponnesian_war;archidamean_war;fourth_invasion_of_attica;peloponnesian_league;peloponnes;427;427;37,356;22,352;attica;38,088;23,734;
second_peloponnesian_war;archidamean_war;demosthenes_aetolian_campaign;delian_league;athens;426;426;37,972;23,726;aegitium;38,491;22,17;aetolian_victory
second_peloponnesian_war;archidamean_war;demosthenes_aetolian_campaign;delian_league;messenia;426;426;37,175;21,92;aegitium;38,491;22,17;aetolian_victory
second_peloponnesian_war;archidamean_war;demosthenes_aetolian_campaign;delian_league;cephallonia;426;426;38,265;20,553;aegitium;38,491;22,17;aetolian_victory
second_peloponnesian_war;archidamean_war;demosthenes_aetolian_campaign;delian_league;zacynthus;426;426;37,789;20,771;aegitium;38,491;22,17;aetolian_victory
second_peloponnesian_war;archidamean_war;demosthenes_aetolian_campaign;other;aetolia;426;426;38,491;22,17;aegitium;38,491;22,17;aetolian_victory
second_peloponnesian_war;archidamean_war;battle_of_olpae;delian_league;athens;426;426;37,972;23,726;olpae;38,351;21,144;delian_victory
second_peloponnesian_war;archidamean_war;battle_of_olpae;delian_league;amphilochia;426;426;38,951;21,144;olpae;38,951;21,144;delian_victory
second_peloponnesian_war;archidamean_war;battle_of_olpae;peloponnesian_league;sparta;426;426;37,082;22,424;olpae;38,951;21,144;delian_victory
second_peloponnesian_war;archidamean_war;battle_of_olpae;peloponnesian_league;ambracia;426;426;39,158;20,987;olpae;38,951;21,144;delian_victory
second_peloponnesian_war;archidamean_war;fifth_invasion_of_attica;peloponnesian_league;sparta;425;425;37,082;22,424;attica;38,088;23,734;
second_peloponnesian_war;archidamean_war;fifth_invasion_of_attica;peloponnesian_league;peloponnes;425;425;37,356;22,352;attica;38,088;23,734;
second_peloponnesian_war;archidamean_war;battle_of_pylos;delian_league;athens;425;425;37,972;23,726;sphacteria;36,93;21,666;delian_victory
second_peloponnesian_war;archidamean_war;battle_of_pylos;peloponnesian_league;sparta;425;425;37,082;22,424;sphacteria;36,93;21,666;delian_victory
second_peloponnesian_war;archidamean_war;second_battle_of_megara;delian_league;athens;424;424;37,972;23,726;megara;37,995;23,344;peloponnesian_victory
second_peloponnesian_war;archidamean_war;second_battle_of_megara;peloponnesian_league;sparta;424;424;37,082;22,424;megara;37,995;23,344;peloponnesian_victory
second_peloponnesian_war;archidamean_war;battle_of_delium;delian_league;athens;424;424;37,972;23,726;delium;38,346;23,661;boeotian_victory
second_peloponnesian_war;archidamean_war;battle_of_delium;boeotian_league;boeotia;424;424;38,317;23,317;delium;38,346;23,661;boeotian_victory
second_peloponnesian_war;archidamean_war;capture_of_amphipolis;delian_league;athens;424;424;37,972;23,726;amphipolis;40,818;23,84;peloponnesian_victory
second_peloponnesian_war;archidamean_war;capture_of_amphipolis;peloponnesian_league;sparta;424;424;37,082;22,424;amphipolis;40,818;23,84;peloponnesian_victory
second_peloponnesian_war;archidamean_war;capture_of_amphipolis;peloponnesian_league;peloponnes;424;424;37,356;22,352;amphipolis;40,818;23,84;peloponnesian_victory
second_peloponnesian_war;archidamean_war;capture_of_torone;delian_league;athens;424;424;37,972;23,726;torone;39,987;23,903;peloponnesian_victory
second_peloponnesian_war;archidamean_war;capture_of_torone;peloponnesian_league;sparta;424;424;37,082;22,424;torone;39,987;23,903;peloponnesian_victory
second_peloponnesian_war;archidamean_war;capture_of_torone;peloponnesian_league;peloponnes;424;424;37,356;22,352;torone;39,987;23,903;peloponnesian_victory
second_peloponnesian_war;archidamean_war;battle_of_amphipolis;delian_league;athens;422;422;37,972;23,726;amphipolis;40,818;23,84;peloponnesian_victory
second_peloponnesian_war;archidamean_war;battle_of_amphipolis;delian_league;delian_allies;422;422;38,088;23,734;amphipolis;40,818;23,84;peloponnesian_victory
second_peloponnesian_war;archidamean_war;battle_of_amphipolis;peloponnesian_league;sparta;422;422;37,082;22,424;amphipolis;40,818;23,84;peloponnesian_victory
second_peloponnesian_war;nicias_peace;battle_of_mantinea;delian_league;athens;418;418;37,972;23,726;mantinea;37,618;22,393;peloponnesian_victory
second_peloponnesian_war;nicias_peace;battle_of_mantinea;other;argos;418;418;37,633;22,729;mantinea;37,618;22,393;peloponnesian_victory
second_peloponnesian_war;nicias_peace;battle_of_mantinea;other;mantinea;418;418;37,618;22,393;mantinea;37,618;22,393;peloponnesian_victory
second_peloponnesian_war;nicias_peace;battle_of_mantinea;other;orneae;418;418;37,714;22,557;mantinea;37,618;22,393;peloponnesian_victory
second_peloponnesian_war;nicias_peace;battle_of_mantinea;other;cleonae;418;418;37,817;22,754;mantinea;37,618;22,393;peloponnesian_victory
second_peloponnesian_war;nicias_peace;battle_of_mantinea;other;arcadia;418;418;37,536;22,219;mantinea;37,618;22,393;peloponnesian_victory
second_peloponnesian_war;nicias_peace;battle_of_mantinea;peloponnesian_league;sparta;418;418;37,082;22,424;mantinea;37,618;22,393;peloponnesian_victory
second_peloponnesian_war;nicias_peace;battle_of_mantinea;peloponnesian_league;heraea;418;418;37,612;21,857;mantinea;37,618;22,393;peloponnesian_victory
second_peloponnesian_war;nicias_peace;battle_of_mantinea;peloponnesian_league;thrace;418;418;41,542;25,431;mantinea;37,618;22,393;peloponnesian_victory
second_peloponnesian_war;nicias_peace;battle_of_mantinea;peloponnesian_league;maenalus;418;418;37,55;22,266;mantinea;37,618;22,393;peloponnesian_victory
second_peloponnesian_war;nicias_peace;battle_of_mantinea;peloponnesian_league;tegea;418;418;37,455;22,421;mantinea;37,618;22,393;peloponnesian_victory
second_peloponnesian_war;nicias_peace;siege_of_melos;delian_league;athens;416;416;37,972;23,726;melos;36,683;24,417;delian_victory
second_peloponnesian_war;nicias_peace;siege_of_melos;other;melos;416;416;36,683;24,417;melos;36,683;24,417;delian_victory
second_peloponnesian_war;nicias_peace;sicilian_expedition;delian_league;athens;415;413;37,972;23,726;syracuse;37,069;15,288;syracusan_victory
second_peloponnesian_war;nicias_peace;sicilian_expedition;delian_league;delian_allies;415;413;38,088;23,734;syracuse;37,069;15,288;syracusan_victory
second_peloponnesian_war;nicias_peace;sicilian_expedition;delian_league;segesta;415;413;37,941;12,832;syracuse;37,069;15,288;syracusan_victory
second_peloponnesian_war;nicias_peace;sicilian_expedition;peloponnesian_league;sparta;415;413;37,082;22,424;syracuse;37,069;15,288;syracusan_victory
second_peloponnesian_war;nicias_peace;sicilian_expedition;other;syracuse;415;413;37,069;15,288;syracuse;37,069;15,288;syracusan_victory
second_peloponnesian_war;decelean_war;seizing_decelea;peloponnesian_league;sparta;413;413;37,082;22,424;decelea;38,11;23,779;peloponnesian_victory
second_peloponnesian_war;decelean_war;revolt_erythrae;other;erythrae;412;412;38,383;26,481;erythrae;38,383;26,481;
second_peloponnesian_war;decelean_war;revolt_chios;other;chios;412;412;38,378;26,065;chios;38,378;26,065;
second_peloponnesian_war;decelean_war;revolt_clazomenae;other;clazomenae;412;412;38,358;26,768;clazomenae;38,358;26,768;
second_peloponnesian_war;decelean_war;revolt_miletus;other;miletus;412;412;37,531;27,276;miletus;37,531;27,276;
second_peloponnesian_war;decelean_war;revolt_lebedus;other;lebedus;412;412;38,078;26,965;lebedus;38,078;26,965;
second_peloponnesian_war;decelean_war;revolt_erae;other;erae;412;412;38,237;26,757;erae;38,237;26,757;
second_peloponnesian_war;decelean_war;revolt_lesbos;other;lesbos;412;412;39,167;26,333;lesbos;39,167;26,333;
second_peloponnesian_war;decelean_war;mytilene_recaptured;delian_league;athens;412;412;37,972;23,726;mytilene;39,104;26,555;delian_victory
second_peloponnesian_war;decelean_war;mytilene_recaptured;other;mytilene;412;412;39,104;26,555;mytilene;39,104;26,555;delian_victory
second_peloponnesian_war;decelean_war;revolt_cnidus;other;cnidus;412;412;36,686;27,375;cnidus;36,686;27,375;
second_peloponnesian_war;decelean_war;battle_of_cnidus;delian_league;athens;412;411;37,972;23,726;cnidus;36,686;27,375;
second_peloponnesian_war;decelean_war;battle_of_cnidus;other;cnidus;412;411;36,686;27,375;cnidus;36,686;27,375;
second_peloponnesian_war;decelean_war;battle_of_cnidus;peloponnesian_league;sparta;412;411;37,082;22,424;cnidus;36,686;27,375;
second_peloponnesian_war;decelean_war;battle_of_cnidus;peloponnesian_league;syracuse;412;411;37,069;15,288;cnidus;36,686;27,375;
second_peloponnesian_war;decelean_war;battle_of_cnidus;peloponnesian_league;thurii;412;411;39,717;16,496;cnidus;36,686;27,375;
second_peloponnesian_war;decelean_war;revolt_rhodes;other;rhodes;411;411;36,455;28,225;rhodes;36,455;28,225;
second_peloponnesian_war;decelean_war;revolt_abydus;other;abydus;411;411;40,195;26,405;abydus;40,195;26,405;
second_peloponnesian_war;decelean_war;revolt_lampsacus;other;lampsacus;411;411;40,347;26,699;lampsacus;40,347;26,699;
second_peloponnesian_war;decelean_war;revolt_byzantium;other;byzantium;411;411;41,015;28,985;byzantium;41,015;28,985;
second_peloponnesian_war;decelean_war;revolt_euboea;delian_league;athens;411;411;37,972;23,726;eretria;38,398;23,791;
second_peloponnesian_war;decelean_war;revolt_euboea;other;eretria;411;411;38,398;23,791;eretria;38,398;23,791;
second_peloponnesian_war;decelean_war;revolt_euboea;peloponnesian_league;sparta;411;411;37,082;22,424;eretria;38,398;23,791;
second_peloponnesian_war;decelean_war;naval_battle_of_cynossema;delian_league;athens;411;411;37,972;23,726;cynossema;40,142;26,388;delian_victory
second_peloponnesian_war;decelean_war;naval_battle_of_cynossema;peloponnesian_league;sparta;411;411;37,082;22,424;cynossema;40,142;26,388;delian_victory
second_peloponnesian_war;decelean_war;naval_battle_of_abydus;delian_league;athens;411;411;37,972;23,726;abydus;40,195;26,405;delian_victory
second_peloponnesian_war;decelean_war;naval_battle_of_abydus;peloponnesian_league;sparta;411;411;37,082;22,424;abydus;40,195;26,405;delian_victory
second_peloponnesian_war;decelean_war;naval_battle_of_abydus;peloponnesian_league;rhodes;411;411;36,455;28,225;abydus;40,195;26,405;delian_victory
second_peloponnesian_war;decelean_war;battle_of_cyzicus;delian_league;athens;410;410;37,972;23,726;cyzicus;40,38;27,89;delian_victory
second_peloponnesian_war;decelean_war;battle_of_cyzicus;peloponnesian_league;sparta;410;410;37,082;22,424;cyzicus;40,38;27,89;delian_victory
second_peloponnesian_war;decelean_war;battle_of_cyzicus;peloponnesian_league;persian_empire;410;410;40,129;28,072;cyzicus;40,38;27,89;delian_victory
second_peloponnesian_war;decelean_war;byzantium_recaptured;delian_league;athens;408;408;37,972;23,726;byzantium;41,015;28,985;delian_victory
second_peloponnesian_war;decelean_war;battle_of_notium;delian_league;athens;406;406;37,972;23,726;notium;37,993;26,848;peloponnesian_victory
second_peloponnesian_war;decelean_war;battle_of_notium;peloponnesian_league;sparta;406;406;37,082;22,424;notium;37,993;26,848;peloponnesian_victory
second_peloponnesian_war;decelean_war;battle_of_arginusae;delian_league;athens;406;406;37,972;23,726;arginusae;39,041;26,799;delian_victory
second_peloponnesian_war;decelean_war;battle_of_arginusae;peloponnesian_league;sparta;406;406;37,082;22,424;arginusae;39,041;26,799;delian_victory
second_peloponnesian_war;decelean_war;battle_of_aegospotami;delian_league;athens;405;405;37,972;23,726;aegospotami;40,252;26,55;peloponnesian_victory
second_peloponnesian_war;decelean_war;battle_of_aegospotami;peloponnesian_league;sparta;405;405;37,082;22,424;aegospotami;40,252;26,55;peloponnesian_victory
second_peloponnesian_war;decelean_war;siege_of_athens;delian_league;athens;405;404;37,972;23,726;athens;37,972;23,726;peloponnesian_victory
second_peloponnesian_war;decelean_war;siege_of_athens;peloponnesian_league;sparta;405;404;37,082;22,424;athens;37,972;23,726;peloponnesian_victory
